00dd16e24756ac5c.obj,229,obj,2026-03-01_04:28:40
016926f1c78f677d.svg,909,svg,2026-03-01_04:28:40
051ad7192aeba24d.tga,296,tga,2026-03-01_04:28:40
06a5d4923a298a90.obj,940,obj,2026-03-01_04:28:40
08f9fbba8fffbd1a.obj,367,obj,2026-03-01_04:28:40
0984915c4b21bee8.tga,121,tga,2026-03-01_04:28:40
0b10c73aa13cbc94.svg,430,svg,2026-03-01_04:28:40
0ba708283ae08b7b.obj,491,obj,2026-03-01_04:28:40
0d171f398557f7c5.svg,778,svg,2026-03-01_04:28:40
0db2fc9c649d1435.obj,760,obj,2026-03-01_04:28:40
104d143a56c40ec1.tga,442,tga,2026-03-01_04:28:40
10d7e06abde31715.obj,860,obj,2026-03-01_04:28:40
10fc339190ce4e6e.svg,295,svg,2026-03-01_04:28:40
11f3c51cfeefdfb6.wav,737,wav,2026-03-01_04:28:40
13010741817949f7.svg,391,svg,2026-03-01_04:28:40
144eed6007f0321a.obj,114,obj,2026-03-01_04:28:40
1460cfb0d8ada29a.obj,196,obj,2026-03-01_04:28:40
18d511d2634019c7.svg,533,svg,2026-03-01_04:28:40
18ff526cc471e280.wav,527,wav,2026-03-01_04:28:40
1925664d9435d338.tga,313,tga,2026-03-01_04:28:40
19ac5994792cb4b7.svg,462,svg,2026-03-01_04:28:40
19d8e922fbe8b682.obj,97,obj,2026-03-01_04:28:40
1c59195affcc10fa.obj,67,obj,2026-03-01_04:28:40
1c5fe72efb398563.tga,622,tga,2026-03-01_04:28:40
1cecc38d7259963b.tga,610,tga,2026-03-01_04:28:40
1de466c2c767ece7.wav,26,wav,2026-03-01_04:28:40
205b3e5c1766df9f.svg,592,svg,2026-03-01_04:28:40
2069cbf7ff665d08.obj,474,obj,2026-03-01_04:28:40
21557196b3ac0a39.wav,1013,wav,2026-03-01_04:28:40
244ed445b10c08cb.obj,799,obj,2026-03-01_04:28:40
268829b7db78afea.tga,534,tga,2026-03-01_04:28:40
26bfc5b6fe74e059.obj,495,obj,2026-03-01_04:28:40
292a77ca40885062.svg,192,svg,2026-03-01_04:28:40
2aa4a3a98d9c8719.obj,946,obj,2026-03-01_04:28:40
2cc2baca701b3d42.tga,229,tga,2026-03-01_04:28:40
2eb8e5f255b82997.tga,913,tga,2026-03-01_04:28:40
31a973c2d2fcfa84.obj,397,obj,2026-03-01_04:28:40
32585e6b3bdb3dd5.obj,124,obj,2026-03-01_04:28:40
32c20e672dddfa48.tga,670,tga,2026-03-01_04:28:40
3339a7583aae6177.svg,844,svg,2026-03-01_04:28:40
336e40ead941d5e1.obj,681,obj,2026-03-01_04:28:40
339fe3fcbd58e146.svg,295,svg,2026-03-01_04:28:40
33a1aff6b069b7f7.obj,96,obj,2026-03-01_04:28:40
33f97b83722cdce4.svg,954,svg,2026-03-01_04:28:40
3497f8245db60f34.svg,159,svg,2026-03-01_04:28:40
350ca9abe00d66cc.tga,779,tga,2026-03-01_04:28:40
355d96c7d425ecb3.obj,189,obj,2026-03-01_04:28:40
371dfd7c2278d807.obj,308,obj,2026-03-01_04:28:40
382084506b6458bc.tga,543,tga,2026-03-01_04:28:40
38be7ddba17cef1a.svg,749,svg,2026-03-01_04:28:40
39082f81a7baa5d8.tga,884,tga,2026-03-01_04:28:40
3a4f6a8c23d7cdb4.obj,930,obj,2026-03-01_04:28:40
3ac425ac4d9bbd64.tga,155,tga,2026-03-01_04:28:40
3aee8bc3b0ecf032.svg,619,svg,2026-03-01_04:28:40
3b1a3528bb97be05.obj,960,obj,2026-03-01_04:28:40
3bc0775a80f83103.obj,924,obj,2026-03-01_04:28:40
3bead2de37fc48ea.obj,436,obj,2026-03-01_04:28:40
3d1c06fec5da1a36.obj,763,obj,2026-03-01_04:28:40
3d8783631847af8d.svg,167,svg,2026-03-01_04:28:40
3e361f8774e37550.obj,966,obj,2026-03-01_04:28:40
3ef5e3a77bd5618a.tga,248,tga,2026-03-01_04:28:40
3f96df01fa18af42.tga,530,tga,2026-03-01_04:28:40
411501b07a7207eb.obj,838,obj,2026-03-01_04:28:40
41639897a57c9e0d.tga,461,tga,2026-03-01_04:28:40
424361cf1503a98b.obj,323,obj,2026-03-01_04:28:40
457cca5296a3a759.obj,638,obj,2026-03-01_04:28:40
45d1f2c9df479a02.wav,716,wav,2026-03-01_04:28:40
461cd06bf3b933d3.tga,491,tga,2026-03-01_04:28:40
4763609e3c363851.tga,103,tga,2026-03-01_04:28:40
476e94cfdec5e319.tga,241,tga,2026-03-01_04:28:40
47f16d0c2305851a.obj,567,obj,2026-03-01_04:28:40
49159d20dd20ce3d.obj,526,obj,2026-03-01_04:28:40
49ae188343095f71.svg,912,svg,2026-03-01_04:28:40
49dee954a41495f8.svg,173,svg,2026-03-01_04:28:40
4a91e5679ba8d287.svg,962,svg,2026-03-01_04:28:40
4c1ed688855f56f6.obj,579,obj,2026-03-01_04:28:40
4d2db9db58fd866d.wav,650,wav,2026-03-01_04:28:40
510a5a8d2186ff89.svg,561,svg,2026-03-01_04:28:40
5231340991907a9f.obj,656,obj,2026-03-01_04:28:40
5427f8d36ce6e882.obj,411,obj,2026-03-01_04:28:40
5496cf8d00804a25.ttf,391,ttf,2026-03-01_04:28:40
54b09a928a106a06.tga,462,tga,2026-03-01_04:28:40
55a7e2591dfeac4a.svg,492,svg,2026-03-01_04:28:40
566f7fbcf8ef6964.svg,201,svg,2026-03-01_04:28:40
5777845a245d4705.obj,176,obj,2026-03-01_04:28:40
579e2ee934d8aed0.obj,481,obj,2026-03-01_04:28:40
58e73c49976d440d.svg,817,svg,2026-03-01_04:28:40
596614bfcf238851.tga,507,tga,2026-03-01_04:28:40
59eaa61d125a6425.svg,581,svg,2026-03-01_04:28:40
5b24378989a80d94.wav,851,wav,2026-03-01_04:28:40
5b7758be804f1d77.obj,991,obj,2026-03-01_04:28:40
5d9b510cc5c83a91.obj,796,obj,2026-03-01_04:28:40
5e35a620111df632.svg,884,svg,2026-03-01_04:28:40
60b46ff48a9a4f71.wav,737,wav,2026-03-01_04:28:40
61fd31c08dc5d0a3.svg,327,svg,2026-03-01_04:28:40
63aedb97dc11f442.svg,886,svg,2026-03-01_04:28:40
63f59a2705b9c65d.obj,889,obj,2026-03-01_04:28:40
642f67bf186954aa.obj,426,obj,2026-03-01_04:28:40
68dd3bf09f282bed.tga,797,tga,2026-03-01_04:28:40
691060521eea8329.obj,415,obj,2026-03-01_04:28:40
692afbf0f440b709.obj,202,obj,2026-03-01_04:28:40
6b0444c40b37d145.svg,862,svg,2026-03-01_04:28:40
6d250a6a82c485a6.svg,516,svg,2026-03-01_04:28:40
6f90379debbd56c6.obj,634,obj,2026-03-01_04:28:40
7073eec3d6bde237.tga,512,tga,2026-03-01_04:28:40
721176f803d1c49e.tga,406,tga,2026-03-01_04:28:40
72333b4e8e843aa3.obj,143,obj,2026-03-01_04:28:40
73e2c0b6611f1210.wav,946,wav,2026-03-01_04:28:40
759105ca2740898a.svg,906,svg,2026-03-01_04:28:40
75bb628378a2c1c6.svg,617,svg,2026-03-01_04:28:40
75efbb2816b859ca.obj,145,obj,2026-03-01_04:28:40
783aeffc4551dd3e.obj,401,obj,2026-03-01_04:28:40
789cfff133fa115d.svg,23,svg,2026-03-01_04:28:40
792a13f805b7b020.svg,804,svg,2026-03-01_04:28:40
79a6f4f2d34d58c1.tga,996,tga,2026-03-01_04:28:40
79ed7b07bb1d0b71.obj,576,obj,2026-03-01_04:28:40
7a3fa977d2ab826f.obj,175,obj,2026-03-01_04:28:40
7a4d3f067494b3d0.obj,985,obj,2026-03-01_04:28:40
7a60e9e161a114b2.wav,859,wav,2026-03-01_04:28:40
7b4cef3e12982d35.tga,107,tga,2026-03-01_04:28:40
7b747564db75161d.wav,789,wav,2026-03-01_04:28:40
7cf5101f9a54cb76.obj,330,obj,2026-03-01_04:28:40
7d8231ecddb4b759.obj,613,obj,2026-03-01_04:28:40
7d9075fe8f37e2e9.obj,645,obj,2026-03-01_04:28:40
7ee421afef90c7a6.obj,360,obj,2026-03-01_04:28:40
81e67f6e8777955e.obj,427,obj,2026-03-01_04:28:40
8227602e2129f428.svg,317,svg,2026-03-01_04:28:40
82bea9ffb04fc8e5.svg,32,svg,2026-03-01_04:28:40
83fa569b1797f79b.svg,278,svg,2026-03-01_04:28:40
84bc13bc11dda97b.svg,542,svg,2026-03-01_04:28:40
8510a9fbc14e12f6.obj,209,obj,2026-03-01_04:28:40
85908ce9856cfdde.wav,815,wav,2026-03-01_04:28:40
85a316629ab6c0c0.wav,170,wav,2026-03-01_04:28:40
85fb6cda16a0482d.svg,505,svg,2026-03-01_04:28:40
865e815f15d284b2.tga,369,tga,2026-03-01_04:28:40
87b3524cfaf02253.obj,201,obj,2026-03-01_04:28:40
87d0066ca656cdfd.obj,674,obj,2026-03-01_04:28:40
88227e7679e10087.tga,918,tga,2026-03-01_04:28:40
885fd2bad99e4918.obj,1000,obj,2026-03-01_04:28:40
887b02f13e380c74.obj,288,obj,2026-03-01_04:28:40
88bff7d34ba1fcf5.svg,330,svg,2026-03-01_04:28:40
8a3b7965ddc62485.obj,992,obj,2026-03-01_04:28:40
8af36798e2ee5cf4.tga,394,tga,2026-03-01_04:28:40
8af48725daf9ee42.tga,795,tga,2026-03-01_04:28:40
8be04ab7b5644468.obj,692,obj,2026-03-01_04:28:40
8bf2bc2a05c774b0.wav,501,wav,2026-03-01_04:28:40
8cfb548f84021735.tga,602,tga,2026-03-01_04:28:40
8d34d6941e00cdc5.svg,663,svg,2026-03-01_04:28:40
8eb87d9b71b81963.tga,395,tga,2026-03-01_04:28:40
8ef19c6db3100e3e.obj,628,obj,2026-03-01_04:28:40
8fed34e6bed04a5e.tga,261,tga,2026-03-01_04:28:40
9041a2b29f5c64c1.obj,141,obj,2026-03-01_04:28:40
91d880f3af4f6e9d.obj,776,obj,2026-03-01_04:28:40
924b0b8d18a766b3.obj,125,obj,2026-03-01_04:28:40
9395a78e93fa1a5e.obj,742,obj,2026-03-01_04:28:40
9419f45b75a2c546.obj,1000,obj,2026-03-01_04:28:40
94784b1250fc4a7b.obj,986,obj,2026-03-01_04:28:40
948da447f5ee947d.svg,506,svg,2026-03-01_04:28:40
975cc6ebec6c2085.tga,937,tga,2026-03-01_04:28:40
978ebd3c7e52dd54.svg,999,svg,2026-03-01_04:28:40
97ecabaa29b383d6.wav,66,wav,2026-03-01_04:28:40
98c7fd090f675beb.tga,52,tga,2026-03-01_04:28:40
990b3912c84440d2.svg,484,svg,2026-03-01_04:28:40
99a2cf5d24898ea4.wav,264,wav,2026-03-01_04:28:40
9ac0bc646a4e3b17.tga,324,tga,2026-03-01_04:28:40
9aca38eed44de3ae.obj,208,obj,2026-03-01_04:28:40
9b0a0426cfa3f15d.obj,448,obj,2026-03-01_04:28:40
9b3f5526905b6fb7.ttf,577,ttf,2026-03-01_04:28:40
9d6598f8df097e7a.wav,944,wav,2026-03-01_04:28:40
9dd556fd75d6855e.tga,244,tga,2026-03-01_04:28:40
9df7ea4ea115b5ca.obj,402,obj,2026-03-01_04:28:40
a01193bcc4e493f6.wav,1001,wav,2026-03-01_04:28:40
a0af597b32d7f3ec.obj,937,obj,2026-03-01_04:28:40
a0e81009c54f5f5f.svg,749,svg,2026-03-01_04:28:40
a164feb4130d0ba7.svg,118,svg,2026-03-01_04:28:40
a2b263f44db6b7d4.svg,623,svg,2026-03-01_04:28:40
a3ea467a2b2b2feb.svg,99,svg,2026-03-01_04:28:40
a5eceedbb71d2db4.obj,841,obj,2026-03-01_04:28:40
a61be08d124d7b05.wav,27,wav,2026-03-01_04:28:40
a6c6c35a860cd1c9.wav,820,wav,2026-03-01_04:28:40
a82ad62af980b415.svg,279,svg,2026-03-01_04:28:40
a98054c7599c05df.obj,513,obj,2026-03-01_04:28:40
a9904d4c572ece4f.wav,57,wav,2026-03-01_04:28:40
abb306574f4f450b.tga,557,tga,2026-03-01_04:28:40
ac3757d76b9f3803.obj,308,obj,2026-03-01_04:28:40
ae1c40ba87954cab.svg,51,svg,2026-03-01_04:28:40
ae55ea288a082296.svg,589,svg,2026-03-01_04:28:40
b040e50171bdd611.svg,452,svg,2026-03-01_04:28:40
b278d1d10d307924.obj,57,obj,2026-03-01_04:28:40
b373600e36b060ac.wav,66,wav,2026-03-01_04:28:40
b3c3e29b51179cee.svg,284,svg,2026-03-01_04:28:40
b8196822cc00d74a.obj,357,obj,2026-03-01_04:28:40
b8e1ea29002b89e8.svg,876,svg,2026-03-01_04:28:40
b91151c3a8dad7cb.svg,109,svg,2026-03-01_04:28:40
b949552d9970d16d.svg,25,svg,2026-03-01_04:28:40
b95f4164e418b58a.obj,853,obj,2026-03-01_04:28:40
b97b555fad098eb7.obj,630,obj,2026-03-01_04:28:40
ba8d2b561d34fc96.svg,37,svg,2026-03-01_04:28:40
bba39d2b96a1eaf6.obj,984,obj,2026-03-01_04:28:40
bce951d256659b5b.svg,141,svg,2026-03-01_04:28:40
bdbd142b20513967.obj,770,obj,2026-03-01_04:28:40
be722bf2ebd07dc4.obj,162,obj,2026-03-01_04:28:40
bf3ffbd5a766733e.tga,996,tga,2026-03-01_04:28:40
c02a0668f7807df7.svg,264,svg,2026-03-01_04:28:40
c2df5baf579add81.wav,449,wav,2026-03-01_04:28:40
c2eb41ac4b58f8e4.wav,735,wav,2026-03-01_04:28:40
c4316770a37ee113.tga,562,tga,2026-03-01_04:28:40
c466feb005aaa1cd.obj,486,obj,2026-03-01_04:28:40
c4c74bfea4992fb5.obj,164,obj,2026-03-01_04:28:40
c4e3ada4e56cde91.svg,452,svg,2026-03-01_04:28:40
c5783651e7340a03.obj,426,obj,2026-03-01_04:28:40
c81d4a3b7fe8f9a7.obj,824,obj,2026-03-01_04:28:40
c8b57374706b1d83.obj,94,obj,2026-03-01_04:28:40
c9014b74c792954c.obj,200,obj,2026-03-01_04:28:40
cba20d604d73b663.svg,342,svg,2026-03-01_04:28:40
cc1010a223acee0c.obj,120,obj,2026-03-01_04:28:40
cc61db850f2d3935.tga,260,tga,2026-03-01_04:28:40
cc9435a366989ad0.obj,78,obj,2026-03-01_04:28:40
cd2aa5d2d04e7359.svg,633,svg,2026-03-01_04:28:40
cdd449a4358bdb78.obj,780,obj,2026-03-01_04:28:40
ce707618630b30a7.svg,865,svg,2026-03-01_04:28:40
cf74f779a3ec2dca.obj,346,obj,2026-03-01_04:28:40
cf943bcfea9503fd.json,962,json,2026-03-01_04:28:40
cfc1fcd00a6a2d83.obj,63,obj,2026-03-01_04:28:40
d2a842bd240b2cda.tga,714,tga,2026-03-01_04:28:40
d386657c29b38d44.wav,602,wav,2026-03-01_04:28:40
d3d9445633a7935f.svg,427,svg,2026-03-01_04:28:40
d4018ac9ff0e1a70.obj,551,obj,2026-03-01_04:28:40
d4f5f661b6f34e8c.obj,206,obj,2026-03-01_04:28:40
d5700c832958358f.obj,276,obj,2026-03-01_04:28:40
d62de070b24426a6.svg,971,svg,2026-03-01_04:28:40
d82fc7dad669a00b.tga,910,tga,2026-03-01_04:28:40
d906092db0949fa6.obj,518,obj,2026-03-01_04:28:40
da56efcebcb5e100.obj,110,obj,2026-03-01_04:28:40
dac0cff697ab5496.svg,89,svg,2026-03-01_04:28:40
db1da0ccb0670374.wav,928,wav,2026-03-01_04:28:40
dbd6a8a483f44833.ttf,580,ttf,2026-03-01_04:28:40
dc63d3e9a9cc3035.obj,51,obj,2026-03-01_04:28:40
dc81a100af0496f8.svg,276,svg,2026-03-01_04:28:40
dcd24d9d0fb71697.svg,740,svg,2026-03-01_04:28:40
dcd5f037ac505d04.svg,279,svg,2026-03-01_04:28:40
dd578e355dadbc0b.obj,236,obj,2026-03-01_04:28:40
df43440cb6c44469.svg,874,svg,2026-03-01_04:28:40
dfd0d41851792f5d.wav,198,wav,2026-03-01_04:28:40
e14cb3cd9360774c.svg,533,svg,2026-03-01_04:28:40
e2dbf3305b7f342e.obj,108,obj,2026-03-01_04:28:40
e2e7dd712a7a250b.obj,798,obj,2026-03-01_04:28:40
e365de0d66b73a82.obj,111,obj,2026-03-01_04:28:40
e367fd7843ddb55a.svg,323,svg,2026-03-01_04:28:40
e476821d91d20e6b.ttf,15,ttf,2026-03-01_04:28:40
e52518ae05824de2.wav,22,wav,2026-03-01_04:28:40
e551517be828d80a.svg,855,svg,2026-03-01_04:28:40
e771cc11f0a8feed.svg,985,svg,2026-03-01_04:28:40
e80a0cfd73005948.wav,186,wav,2026-03-01_04:28:40
e940f5bfb60f5260.tga,978,tga,2026-03-01_04:28:40
e961b48af14619c9.wav,38,wav,2026-03-01_04:28:40
ea0a803e7790323d.obj,514,obj,2026-03-01_04:28:40
ead6f6e3498ced5f.svg,135,svg,2026-03-01_04:28:40
ef2190a4d8717d4b.obj,901,obj,2026-03-01_04:28:40
f0ae401c82acbd15.tga,444,tga,2026-03-01_04:28:40
f1cefba5bc25a8b4.json,15,json,2026-03-01_04:28:40
f2fbc5f6ccbbff9a.svg,482,svg,2026-03-01_04:28:40
f43676ed75f205bc.obj,206,obj,2026-03-01_04:28:40
f561d06575d23c54.wav,840,wav,2026-03-01_04:28:40
f5cc3a8e278740ec.obj,482,obj,2026-03-01_04:28:40
f630fde1d407ea34.obj,570,obj,2026-03-01_04:28:40
f65591a002cdfa0d.obj,588,obj,2026-03-01_04:28:40
f6c21543922c3836.tga,324,tga,2026-03-01_04:28:40
f7615e71b557b391.obj,640,obj,2026-03-01_04:28:40
f777baced4c707af.wav,563,wav,2026-03-01_04:28:40
f967069ed046a811.svg,436,svg,2026-03-01_04:28:40
f9a154b4048cc310.obj,185,obj,2026-03-01_04:28:40
fa5a5cb904438a0e.tga,400,tga,2026-03-01_04:28:40
fe1e7b55871f54c3.tga,163,tga,2026-03-01_04:28:40
fe689e09100275a3.obj,977,obj,2026-03-01_04:28:40
ff6d1f2f53620b6d.obj,327,obj,2026-03-01_04:28:40
